<?xml version="1.0" encoding="UTF-8" standalone="yes"?>
<features xmlns="http://karaf.apache.org/xmlns/features/v1.4.0" name="enterprise-4.0.8">
	<feature name="transaction-api" version="1.1.0">
        <bundle>file:lib/tplib/geronimo-jta_1.1_spec-1.1.1.jar</bundle>
    </feature>
    <feature name="transaction-api" version="1.2.0">
        <bundle start-level="30" dependency="true">file:lib/tplib/javax.interceptor-api-1.2.jar</bundle>
        <bundle start-level="30" dependency="true">file:lib/tplib/org.apache.servicemix.bundles.javax-inject-1_2.jar</bundle>
        <bundle start-level="30" dependency="true">file:lib/tplib/javax.el-api-3.0.0.jar</bundle>
        <bundle start-level="30" dependency="true">file:lib/tplib/cdi-api-1.2.jar</bundle>
        <bundle start-level="30">file:lib/tplib/javax.transaction-api-1.2.jar</bundle>
    </feature>
    <feature name="transaction" description="OSGi Transaction Manager" version="1.3.1">
        <details>JTA implementation provided by Apache Aries Transaction</details>
        <config name="org.apache.aries.transaction" append="false">
            aries.transaction.recoverable = true
            aries.transaction.timeout = 600
            aries.transaction.howl.logFileDir = ${karaf.data}/txlog
            aries.transaction.howl.maxLogFiles = 2
            aries.transaction.howl.maxBlocksPerFile = 512
            aries.transaction.howl.bufferSize = 4
        </config>
        <feature version="[1.1,2)" prerequisite="false" dependency="false">transaction-api</feature>
        <bundle start-level="30" dependency="true">file:lib/tplib/org.apache.aries.util-1.1.1.jar</bundle>
        <bundle start-level="30">file:lib/tplib/org.apache.aries.transaction.manager-1.3.1.jar</bundle>
        <conditional>
            <condition>aries-blueprint</condition>
            <bundle start-level="30" dependency="true">file:lib/tplib/org.apache.felix.coordinator-1.0.2.jar</bundle>
            <bundle start-level="30">file:lib/tplib/org.apache.aries.transaction.blueprint-1.1.1.jar</bundle>
            <bundle start-level="30">file:lib/tplib/org.apache.aries.transaction.blueprint-2.1.0.jar</bundle>
        </conditional>
    </feature>
</features>
