<?xml version="1.0" encoding="UTF-8" standalone="yes"?>
<features xmlns="http://karaf.apache.org/xmlns/features/v1.4.0" name="message-gateway-1.0.0">
    <feature name="message-gateway" description="Flink-ESB Message Gateway" version="1.0.0">
		<feature prerequisite="true">wrap</feature>
		<feature prerequisite="true">flink-esb-core</feature>
        <feature prerequisite="true">flink-esb-distributed</feature>
		<feature>flink-esb-karaf-commands</feature>
		<feature>flink-esb-console</feature>
		<feature>flink-esb-es</feature>
		<bundle start-level="30" start="false">wrap:file:applications/tplib/tibjms.jar</bundle>
		<bundle start-level="30" start="false">file:applications/tplib/mysql-connector-java-5.1.25.jar</bundle>
		<bundle start-level="80" start="true">file:applications/message-gateway/message-gateway_1.0.0.jar</bundle>
    </feature>
	<feature name="message-gateway-config-console" description="Flink-ESB Message Gateway" version="1.0.0">
		<feature prerequisite="true">wrap</feature>
		<feature prerequisite="true">flink-esb-core</feature>
        <feature prerequisite="true">flink-esb-distributed</feature>
		<feature>flink-esb-karaf-commands</feature>
		<feature>flink-esb-console</feature>
		<feature>flink-esb-es</feature>
		<bundle start-level="30" start="false">file:applications/tplib/mysql-connector-java-5.1.25.jar</bundle>
		<bundle start-level="80" start="true">file:applications/fmg-console/mg-console_1.0.0.jar</bundle>
    </feature>
</features>
